
1.WAQTO NAMES OF THE EMPLOYEES EARNING MORE THAN SCOTT IN ACCOUNTING DEPT.
SELECT ENAME FROM EMP WHERE SAL >
(SELECT SAL FROM EMP WHERE ENAME='SCOTT') AND DEPTNO=
( SELECT DEPTNO FROM DEPT WHERE DNAME='ACCOUNTING');

2.WAQTD DETAILS OF THE EMPLOYEES WORKING AS MANAGER IN THE LOCATION CHICAGO.
SELECT * FROM EMP WHERE JOB='MANAGER' AND DEPTNO=
(SELECT DEPTNO FROM DEPT WHERE LOC='CHICAGO');

3.WAQTD NAME AND SAL OF THE EMPLOYEES EARNING MORE THAN KING IN THE DEPT ACCOUNTING.
SELECT ENAME, SAL FROM EMP WHERE SAL > 
(SELECT SAL FROM EMP WHERE ENAME='KING') AND DEPTNO=
(SELECT DEPTNO FROM DEPT WHERE DNAME='ACCOUNTING');

4.WAQTD DETAILS OF THE EMPLOYEES WORKING AS SALESMAN IN THE DEPARTEMENT SALES.
SELECT * FROM EMP WHERE JOB='SALESMAN' AND DEPTNO=
(SELECT DEPTNO FROM DEPT WHERE DNAME='SALES');

 5.WAQTD NAME, SAL, JOB, HIREDATE OF THE EMPLOYEES WORKING IN OPERATIONS DEPARTMENT AND HIRED BEFORE KING.
 SELECT ENAME, SAL, JOB, HIREDATE FROM EMP WHERE DEPTNO=
 (SELECT DEPTNO FROM DEPT WHERE DNAME='OPERATIONS') AND HIREDATE <
 (SELECT HIREDATE FROM EMP WHERE ENAME='KING');

6.DISPLAY ALL THE EMPLOYEES WHOSE DEPARTMET NAMES ENDING 'S'.
 SELECT * FROM EMP WHERE DEPTNO IN
 (SELECT DEPTNO FROM DEPT WHERE DNAME LIKE '%S');

7.WAQTD DNAME OF THE EMPLOYEES WHOS NAMES HAS CHARACTER 'A' IN IT. 
SELECT DNAME FROM DEPT WHERE DEPTNO IN
(SELECT DEPTNO FROM EMP WHERE ENAME LIKE '%A%'); 

8.WAQTD DNAME AND LOC OF THE EMPLOYEES WHOS SALARY IS RUPEES 800.
SELECT DNAME, LOC FROM DEPT WHERE DEPTNO IN
(SELECT DEPTNO FROM EMP WHERE SAL=800);

9.WAQTD DNAME OF THE EMPLOYEES WHO EARN COMISSION.
SELECT DNAME FROM DEPT WHERE DEPTNO IN
(SELECT DEPTNO FROM EMP WHERE COMM IS NOT NULL):

10. WAQTD LOC OF THE EMPLOYEES IF THEY EARN COMISSION IN DEPT 40
SELECT LOC FROM DEPT WHERE DEPTNO IN
(SELECT DEPTNO FROM EMP WHERE COMM IS NOT NULL AND DEPTNO=40);
ASSIGNMENT ON CASE 2:

1.WAQTD DNAME OF THE EMPLOYEES WHOS NAME IS SMITH.
  SELECT DNAME FROM DEPT WHERE DEPTNO=
 (SELECT DEPTNO FROM EMP WHERE ENAME='SMITH');

2.WAQTD DNAME AND LOC OF THE EMPLOYEE WHOS ENAME IS KING.
SELECT DNAME, LOC FROM DEPT WHERE DEPTNO=
(SELECT DEPTNO FROM EMP WHERE ENAME='KING')

3.WAQTD LOC OF THE EMP WHOS EMPLOYEE NUMBER IS 7902
SELECT LOC FROM DEPT WHERE DEPTNO=
(SELECT DEPTNO FROM EMP WHERE EMPNO=7902);

4.WAQTD DNAME AND LOC ALONG WITH DEPTNO OF THE EMPLOYEE WHOS NAME ENDS WITH 'R'
SELECT DNAME, LOC, DEPTNO FROM DEPT WHERE DEPTNO IN
(SELECT DEPTNO FROM EMP WHERE ENAME LIKE '%R');

5.WAQTO DNAME OF THE EMPLOYEE WHOS DESIGNATION IS PRESIDENT
SELECT DNAME FROM DEPT WHERE DEPTNO=
(SELECT DEPTNO FROM EMP WHERE JOB='PRESIDENT');

6.WAQTD NAMES OF THE EMPLOYEES WORKING IN ACCOUNTING DEPARTMENT
SELECT ENAME FROM EMP WHERE DEPTNO IN
(SELECT DEPTNO FROM DEPT WHERE DNAME='ACCOUNTING');

7.WAQTD ENAME AND SALARIES OF THE EMPLOYEES WHO ARE WORKING IN THE LOCATION CHICAGO.
 SELECT ENAME, SAL FROM EMP WHERE DEPTNO IN 
(SELECT DEPTNO FROM DEPT WHERE LOC='CHICAGO');

8.WAQTD DETAILS OF THE EMPLOYEES WORKING IN SALES
SELECT * FROM EMP WHERE DEPTNO IN 
(SELECT DEPTNO FROM DEPT WHERE DNAME='SALES');

9.WAQTD DETAILS OF THE EMP ALONG WITH ANNUAL SALARY IF EMPLOYEES ARE WORKING IN NEW YORK
SELECT EMP.*, SAL*12 AS ANNUALSAL FROM EMP WHERE DEPTNO IN
(SELECT DEPTNO FROM DEPT WHERE LOC='NEW YORK');

10.WAQTD NAMES OF EMPLOYEES WORKING IN OPERATIONS DEPARTMENT
SELECT ENAME FROM EMP WHERE DEPTNO IN
(SELECT DEPTNO FROM DEPT WHERE DNAME='OPERATIONS');






MAX&MIN ASSIGNMENT.
1.WAQTD NAME OF THE EMPLOYEE EARNING MAXIMUM SALARY .
SELECT ENAME FROM EMP WHERE SAL=
(SELECT MAX(SAL) FROM EMP);

2.WAQTD NAME OF THE EMPLOYEE EARNING MINIMUM SALARY .
SELECT ENAME FROM EMP WHERE SAL=
 (SELECT MIN(SAL) FROM EMP);

3.WAQTD NAME AND HIREDATE OF THE EMPLOYEE HIRED BEFORE ALL THE EMPLOYEES (FIRST EMP).
SELECT ENAME, HIREDATE FROM EMP WHERE HIREDATE =
(SELECT MIN(HIREDATE) FROM EMP);

4.WAQTD NAME AND HIREDATE OF THE EMPLOYEES HIRED AT THE LAST .
SELECT ENAME, HIREDATE FROM EMP WHERE HIREDATE =
(SELECT MAX(HIREDATE) FROM EMP);

5.WAQTD NAME, COMM OF THE EMPLOYEE WHO EARNS MIN COMISSION .
SELECT ENAME, COMM FROM EMP WHERE COMM=
(SELECT MIN(COMM) FROM EMP);

6.WAQTD NAME, SAL AND COMM OF THE EMPLOYEE EARNING MAXIMUM COMISSION .
SELECT ENAME, SAL, COMM FROM EMP WHERE COMM=
(SELECT MAX(COMM) FROM EMP);

7.WAQTD DETAILS OF THE EMPLOYEE WHO HAS GREATEST EMPNO .
SELECT * FROM EMP WHERE EMPNO=
(SELECT MAX(EMPNO) FROM EMP);

8.WAQTD DETAILS OF THE EMPLOYEES HAVING THE LEAST HIREDATE .
SELECT * FROM EMP WHERE HIREDATE =
(SELECT MIN(HIREDATE) FROM EMP);

9.WAQTD DETAILS OF THE EMPLOYEES EARNING LEAST ANNUAL SALARY .
SELECT * FROM EMP WHERE SAL*12 =
(SELECT MIN(SAL*12) FROM EMP);

10.WAQTD NAME , ANNUAL SALARY OF THE EMPLOYEES IF THEIR ANNUAL SALARY IS MORE THAN ALL THE SALESMAN.
SELECT ENAME, SAL*12 AS ANNUALSAL FROM EMP WHERE SAL*12 >
(SELECT MAX(SAL*12) FROM EMP WHERE JOB='SALESMAN');
OR
SELECT ENAME, SAL*12 AS ANNUALSAL FROM EMP WHERE SAL*12 > ALL
(SELECT SAL*12 FROM EMP WHERE JOB='SALESMAN');







ASSIGNMENT ON NESTED SUB QUERY :
1.WAQTD 2ND MINIMUM SALARY 
SELECT MIN(SAL) FROM EMP WHERE SAL >
(SELECT MIN(SAL) FROM EMP);

2.WAQTD 5TH MAXIMUM SALARY 
SELECT MAX(SAL) FROM EMP WHERE SAL <
(SELECT MAX(SAL) FROM EMP WHERE SAL <
(SELECT MAX(SAL) FROM EMP WHERE SAL <
(SELECT MAX(SAL) FROM EMP WHERE SAL <
(SELECT MAX(SAL) FROM EMP 
))));

3.WAQTD NAME OF THE EMPLOYEE EARNING 3RD MAXIMUM SALARY 
  SELECT ENAME FROM EMP WHERE SAL=
(SELECT MAX(SAL) FROM EMP WHERE SAL <
(SELECT MAX(SAL) FROM EMP WHERE SAL <
(SELECT MAX(SAL) FROM EMP
)));

4.WAQTD EMPNO OF THE EMPLOYEE EARNING 2D MAXIMUM SALARY 
SELECT EMPNO FROM EMP WHERE SAL=
(SELECT MAX(SAL) FROM EMP WHERE SAL<
(SELECT MAX(SAL) FROM EMP 
));

5.WAQTD DEPARTMENT NAME OF AN EMPLOYEE GETTING 4TH MAX SAL
SELECT DNAME FROM DEPT WHERE DEPTNO=
(SELECT DEPTNO FROM EMP WHERE SAL=
(SELECT MAX(SAL) FROM EMP WHERE SAL <
(SELECT MAX(SAL) FROM EMP WHERE SAL <
(SELECT MAX(SAL) FROM EMP WHERE SAL <
(SELECT MAX(SAL) FROM EMP
)))));

6.WAQTD DETAILS OF THE EMPLOYEE WHO WAS HIRED 2ND 
SELECT * FROM EMP WHERE HIREDATE=
(SELECT MIN(HIREDATE) FROM EMP WHERE HIREDATE >
(SELECT MIN(HIREDATE) FROM EMP
));

7.WAQTD NAME OF THE EMPLOYEE HIRED BEFORE THE LAST EMPLOYEE
SELECT ENAME FROM EMP WHERE HIREDATE =
(SELECT MAX(HIREDATE) FROM EMP WHERE HIREDATE <
(SELECT MAX(HIREDATE) FROM EMP));

8.WAQTD LOC OF THE EMPLOYEE WHO WAS HIRED FIRST 
SELECT LOC FROM DEPT WHERE DEPTNO=
(SELECT DEPTNO FROM EMP WHERE HIREDATE=
(SELECT MIN(HIREDATE) FROM EMP
));

9.WAQTD DETAILS OF THE EMPLOYEE EARNING 7TH MINIMUM SALARY 
SELECT * FROM EMP WHERE SAL=
(SELECT MIN(SAL) FROM EMP WHERE SAL >
(SELECT MIN(SAL) FROM EMP WHERE SAL >
(SELECT MIN(SAL) FROM EMP WHERE SAL >
(SELECT MIN(SAL) FROM EMP WHERE SAL >
(SELECT MIN(SAL) FROM EMP WHERE SAL >
(SELECT MIN(SAL) FROM EMP WHERE SAL >
(SELECT MIN(SAL) FROM EMP
)))))));

10.WAQTD DNAME OF EMPLOYEE GETTING 2ND MAXIMUM SALARY
SELECT DNAME FROM DEPT WHERE DEPTNO IN
(SELECT DEPTNO FROM EMP WHERE SAL=
(SELECT MAX(SAL) FROM EMP WHERE SAL <
(SELECT MAX(SAL) FROM EMP
)));




ASSIGNMENT QUESTIONS ON INNER JOIN:
1) WAQTD ename , sal and dname of the employee working as Clerk in dept 20 with a salary of more than 1800 .
SELECT ENAME, SAL, DNAME FROM EMP, DEPT
WHERE EMP.DEPTNO=DEPT.DEPTNO AND
JOB='CLERK' AND EMP.DEPTNO=20 AND SAL>1800;
no rows selected

2) WAQTD ename deptno , dname and loc of the employee earning more than 2000 in New York .
SELECT ENAME, EMP.DEPTNO, DNAME, LOC FROM EMP, DEPT
WHERE EMP.DEPTNO=DEPT.DEPTNO AND SAL>2000 AND LOC='NEW YORK';
ENAME          DEPTNO DNAME          LOC
---------- ---------- -------------- -------------
CLARK              10 ACCOUNTING     NEW YORK
KING               10 ACCOUNTING     NEW YORK

3) NAME OF THE EMPLOYEE AND HIS LOCATION OF ALL THE EMPLOYEES .
SELECT ENAME, LOC FROM EMP, DEPT
WHERE EMP.DEPTNO=DEPT.DEPTNO;
ENAME      LOC
---------- -------------
SMITH      DALLAS
ALLEN      CHICAGO
WARD       CHICAGO
JONES      DALLAS
MARTIN     CHICAGO
BLAKE      CHICAGO
CLARK      NEW YORK
SCOTT      DALLAS
KING       NEW YORK
TURNER     CHICAGO
ADAMS      DALLAS
JAMES      CHICAGO
FORD       DALLAS
MILLER     NEW YORK
14 rows selected.

4) WAQTD DNAME AND SALARY FOR ALL THE EMPLOYEE WORKING IN ACCOUNTING.
SELECT DNAME, SAL FROM EMP,DEPT
WHERE EMP.DEPTNO=DEPT.DEPTNO AND DNAME='ACCOUNTING';
DNAME                 SAL
-------------- ----------
ACCOUNTING           2450
ACCOUNTING           5000
ACCOUNTING           1300

5) WAQTD DNAME AND ANNUAL SALARY FOR ALL EMPLOYEES WHOS SALARY IS MORE THAN 2340.
SELECT DNAME, SAL*12 AS ANNUALSAL FROM EMP, DEPT
WHERE EMP.DEPTNO=DEPT.DEPTNO AND SAL > 2340;
DNAME           ANNUALSAL
-------------- ----------
RESEARCH       	35700
SALES              	34200
ACCOUNTING    29400
RESEARCH          36000
ACCOUNTING    60000
RESEARCH          36000
6 rows selected.

6) WAQTD ENAME AND DNAME FOR EMPLOYEES HAVING CAHARACTER 'A' IN THEIR DNAME.
SELECT ENAME, DNAME FROM EMP, DEPT
WHERE EMP.DEPTNO=DEPT.DEPTNO AND DNAME LIKE '%A%';
ENAME      DNAME
---------- --------------
SMITH      RESEARCH
ALLEN      SALES
WARD       SALES
JONES      RESEARCH
MARTIN     SALES
BLAKE      SALES
CLARK      ACCOUNTING
SCOTT      RESEARCH
KING       ACCOUNTING
TURNER     SALES
ADAMS      RESEARCH
JAMES      SALES
FORD       RESEARCH
MILLER     ACCOUNTING
14 rows selected.

7) WAQTD ENAME AND DNAME FOR ALL THE EMPLOYEES WORKING AS SALESMAN
SELECT ENAME, DNAME FROM EMP, DEPT
WHERE EMP.DEPTNO=DEPT.DEPTNO AND JOB='SALESMAN';
ENAME      DNAME
---------- --------------
ALLEN        SALES
WARD        SALES
MARTIN     SALES
TURNER     SALES

8)WADTD DNAME AND JOB FOR ALL THE EMPLOYEES WHOSE JOB  AND DNAME STARTS WITH CHARACTER 'S'.
SELECT DNAME, JOB FROM EMP, DEPT
WHERE EMP.DEPTNO=DEPT.DEPTNO AND JOB LIKE 'S%' AND DNAME LIKE 'S%';
DNAME          JOB
-------------- ---------
SALES          SALESMAN
SALES          SALESMAN
SALES          SALESMAN
SALES          SALESMAN

9)WAQTD DNAME AND MGR NO FOR EMPLOYEES REPORTING  TO 7839.
SELECT DNAME, MGR FROM EMP, DEPT 
WHERE EMP.DEPTNO=DEPT.DEPTNO AND MGR=7839;
DNAME		MGR
-------------- 	----------
RESEARCH          7839
SALES                	7839
ACCOUNTING   	7839

10)WAQTD DNAME AND HIREDATE FOR EMPLOYEES HIRED AFTER 83 INTO ACCOUNTING OR RESEARCH DEPT .
SELECT DNAME, HIREDATE FROM EMP, DEPT
WHERE EMP.DEPTNO=DEPT.DEPTNO AND HIREDATE > '31-DEC-1983'
AND DNAME IN ('ACCOUNTING','RESEARCH');
DNAME          HIREDATE
--------------       ---------
RESEARCH       19-APR-87
RESEARCH       23-MAY-87

11)WAQTD ENAME AND DNAME OF THE EMPLOYEES WHO ARE  GETTING COMM IN DEPT 10 OR 30.
SELECT ENAME, DNAME FROM EMP,DEPT
WHERE EMP.DEPTNO=DEPT.DEPTNO AND COMM IS NOT NULL AND EMP.DEPTNO IN (10,30);
ENAME      DNAME
----------  --------------
ALLEN        SALES
WARD        SALES
MARTIN     SALES
TURNER     SALES

12)WAQTD DNAME AND EMPNO FOR ALL THE EMPLOYEES WHO'S EMPNO ARE (7839,7902) AND ARE WORKING IN LOC NEW YORK.
SELECT DNAME,EMPNO FROM EMP, DEPT 
WHERE EMP.DEPTNO=DEPT.DEPTNO AND EMPNO IN (7839,7902) AND LOC='NEW YORK';
DNAME               EMPNO
-------------- ----------
ACCOUNTING           7839







ASSIGNMENT ON EMP AND MANAGER RELATION .
1.WAQTD SCOTT’S REPORTING MANAGER'S NAME.
SELECT ENAME FROM EMP WHERE EMPNO=
(SELECT MGR FROM EMP WHERE ENAME='SCOTT');

2.WAQTD ADAMS MANAGER'S MANAGER NAME.
SELECT ENAME FROM EMP WHERE EMPNO=
(SELECT MGR FROM EMP WHERE EMPNO=
(SELECT MGR FROM EMP WHERE ENAME='ADAMS'));
ENAME
----------
JONES

3.WAQTD DNAME OF JONES MANAGER.
SELECT DNAME FROM DEPT WHERE DEPTNO=
(SELECT DEPTNO FROM EMP WHERE EMPNO=
(SELECT MGR FROM EMP WHERE ENAME='JONES'));
DNAME
----------
ACCOUNTING

4.WAQTD MILLER'S MANAGER'S SALARY.
SELECT SAL FROM EMP WHERE EMPNO=
(SELECT MGR FROM EMP WHERE ENAME='MILLER');
  SAL
----------
  2450

5.WAQTD LOC OF SMITH'S MANAGER'S MANAGER.
SELECT LOC FROM DEPT WHERE DEPTNO=
(SELECT DEPTNO FROM EMP WHERE EMPNO=
(SELECT MGR FROM EMP WHERE EMPNO=
(SELECT MGR FROM EMP WHERE ENAME='SMITH')));
 LOC
-------------
DALLAS

6.WAQTD NAME OF THE EMPLOYEES REPORTING TO BLAKE
SELECT ENAME FROM EMP WHERE MGR IN
(SELECT EMPNO FROM EMP WHERE ENAME='BLAKE');
ENAME
----------
ALLEN
WARD
MARTIN
TURNER
JAMES

7.WAQTD NUMBER OF EMPLPOYEES REPORTING TO KING.
SELECT COUNT(*) FROM EMP WHERE MGR=
(SELECT EMPNO FROM EMP WHERE ENAME='KING');
COUNT(*)
----------
       3

8.WAQTD DETAILS OF THE EMPLOYEES REPORTING TO JONES.
SELECT * FROM EMP WHERE MGR=
(SELECT EMPNO FROM EMP WHERE ENAME='JONES');


     EMPNO ENAME      JOB              MGR  HIREDATE      SAL       COMM     DEPTNO
----------      ---------- --------- ---------- --------- ---------- ---------- ----------
      7788      SCOTT      ANALYST    7566   19-APR-87       3000                           20
      7902      FORD       ANALYST     7566   03-DEC-81       3000                           20

9.WAQTD ENAMES OF THE EMPLOYEES REPORTING TO BLAKE'S MANAGER.
SELECT ENAME FROM EMP WHERE MGR=
(SELECT MGR FROM EMP WHERE ENAME='BLAKE');
ENAME
----------
JONES
BLAKE
CLARK

10.WAQTD NUMBER OF EMPLOYEES REPORTING TO FORD'S MANAGER.
SELECT COUNT(*) FROM EMP WHERE MGR=
(SELECT MGR FROM EMP WHERE ENAME='FORD');
  COUNT(*)
----------
         2

11) WAQTD dname of the employee reporting to President .
SELECT DNAME FROM DEPT WHERE DEPTNO IN
(SELECT DEPTNO FROM EMP WHERE MGR=
(SELECT EMPNO FROM EMP WHERE JOB='PRESIDENT'));
DNAME
--------------
SALES
RESEARCH
ACCOUNTING

12) WAQTD Department details of the employees who are reporting to MILLER .
SELECT * FROM DEPT WHERE DEPTNO IN
(SELECT DEPTNO FROM EMP WHERE MGR=
(SELECT EMPNO FROM EMP WHERE ENAME='MILLER'));
no rows selected

13) WAQTD Location of Adams's manager's manager .
SELECT LOC FROM DEPT WHERE DEPTNO IN
(SELECT DEPTNO FROM EMP WHERE EMPNO=
(SELECT MGR FROM EMP WHERE ENAME='ADAMS'));
LOC
-------------
DALLAS

14) WAQTD dname of King's Manager .
SELECT DNAME FROM DEPT WHERE DEPTNO=
(SELECT DEPTNO FROM EMP WHERE EMPNO=
SELECT MGR FROM EMP WHERE ENAME='KING'));
no rows selected

15) WAQTD Name and salary given to the employees reporting To James.
SELECT ENAME, SAL FROM EMP WHERE MGR IN
(SELECT EMPNO FROM EMP WHERE ENAME='JAMES')
no rows selected

To find Manager :
Select MGR in Sub Q 
To find Employees REPORTING:
Select EMPNO in Sub Q.
1.WAQTD NAME OF THE EMPLOYEES EARNING SALARY MORE THAN THE SALESMAN.
SELECT ENAME, SAL FROM EMP WHERE SAL > ALL
(SELECT SAL FROM EMP WHERE JOB='SALESMAN');
ENAME             SAL
---------- ----------
JONES            2975
BLAKE            2850
CLARK            2450
SCOTT            3000
KING             5000
FORD             3000
6 rows selected.

2.WAQTD DETAILS OF THE EMPLOYEES HIRED AFTER ALL THE CLERKS.
SELECT * FROM EMP WHERE HIREDATE > ALL
(SELECT HIREDATE FROM EMP WHERE JOB='CLERK')
no rows selected

3.WAQTD NAME AND SALARY FOR ALL THE EMPLOYEES IF THEY ARE EARNING LESS THAN ATLEST A MANAGER.
SELECT ENAME, SAL FROM EMP WHERE SAL < ANY
(SELECT SAL FROM EMP WHERE JOB='MANAGER');
ENAME             SAL
---------- ----------
SMITH             800
JAMES             950
ADAMS            1100
WARD             1250
MARTIN           1250
MILLER           1300
TURNER           1500
ALLEN            1600
CLARK            2450
BLAKE            2850
10 rows selected.

4.WAQTD NAME AND HIREDATE OF EMPLOYEES HIRED BEFORE ALL THE MANAGERS.
SELECT ENAME, HIREDATE FROM EMP WHERE HIREDATE < ALL
(SELECT HIREDATE FROM EMP WHERE JOB='MANAGER');
ENAME      HIREDATE
---------- ---------
SMITH      17-DEC-80
ALLEN      20-FEB-81
WARD       22-FEB-81

5.WAQTD NAMES OF THE EMPLOYEES HIRED AFTER ALL THE MANAGERS AND EARNING SALARY MORE THAN ALL THE CLERKS.
SELECT ENAME FROM EMP WHERE HIREDATE > ALL
(SELECT HIREDATE FROM EMP WHERE JOB='MANAGER') AND SAL > ALL
(SELECT SAL FROM EMP WHERE JOB='CLERK');
ENAME
----------
SCOTT
KING
TURNER
FORD

6.WAQTD DETAILS OF THE EMPLOYEES WORKING AS CLERK AND HIRED BEFORE ATLEST A SALESMAN.
SELECT * FROM EMP WHERE JOB='CLERK' AND HIREDATE < ANY
(SELECT HIREDATE FROM EMP WHERE JOB='SALESMAN');

     EMPNO ENAME      JOB              MGR HIREDATE         SAL       COMM     DEPTNO
---------- ---------- --------- ---------- --------- ---------- ---------- ----------
      7369       SMITH      CLERK         7902 17-DEC-80           800                    	     20

7.WAQTD DETAILS OF EMPLOYEES WORKING IN ACCOUNTING OR SALES DEPT.
SELECT * FROM EMP WHERE DEPTNO IN
(SELECT DEPTNO FROM DEPT WHERE DNAME IN ('ACCOUNTING','SALES'));

     EMPNO ENAME      JOB              MGR HIREDATE         SAL       COMM     DEPTNO
---------- ---------- --------- ---------- --------- ---------- ---------- ----------
      7499 ALLEN      SALESMAN        7698  20-FEB-81       1600        300         	30
      7521 WARD       SALESMAN        7698  22-FEB-81       1250        500         	30
      7654 MARTIN     SALESMAN       7698  28-SEP-81       1250       1400         	30
      7698 BLAKE      MANAGER          7839  01-MAY-81     2850                    	30
      7782 CLARK      MANAGER          7839  09-JUN-81       2450                    	10
      7839 KING       PRESIDENT                     17-NOV-81      5000                    	10
      7844 TURNER     SALESMAN       7698  08-SEP-81       1500          0         	30
      7900 JAMES      CLERK                  7698  03-DEC-81       950                    	30
      7934 MILLER     CLERK                 7782  23-JAN-82       1300                    	10
9 rows selected.

8.WAQTD DEPARTMENT NAMES OF THE EMPOYEES WITH NAME SMITH , KING AND MILLER.
SELECT DNAME FROM DEPT WHERE DEPTNO IN
(SELECT DEPTNO FROM EMP WHERE ENAME IN('SMITH','KING','MILLER'));
DNAME
--------------
ACCOUNTING
RESEARCH
9.WAQTD DETAILS OF EMPLOYEES WORKING NEWYORK OR CHICAGO.
SELECT * FROM EMP WHERE DEPTNO IN
(SELECT DEPTNO FROM DEPT WHERE LOC IN ('NEW YORK','CHICAGO'));
     EMPNO ENAME      JOB              MGR HIREDATE         SAL       COMM     DEPTNO
---------- ---------- --------- ---------- --------- ---------- ---------- ----------
      7499 ALLEN      SALESMAN   	7698 	20-FEB-81     	1600        300         	30
      7521 WARD       SALESMAN    	7698 	22-FEB-81      1250        500         	30
      7654 MARTIN     SALESMAN   7698 	28-SEP-81      1250       1400        	30
      7698 BLAKE      MANAGER      7839 	01-MAY-81    2850                    	30
      7782 CLARK      MANAGER      7839 	09-JUN-81      2450                    	10
      7839 KING         PRESIDENT         	17-NOV-81     5000                    	10
      7844 TURNER   SALESMAN     7698 	08-SEP-81       1500          0        	30
      7900 JAMES      CLERK           	7698 	03-DEC-81       950                    	30
      7934 MILLER     CLERK           	7782 	23-JAN-82       1300                    	10
9 rows selected.

10.WAQTD EMP NAMES IF EMPLOYEES ARE HIRED AFTER ALL THE EMPLOYEES OF DEPT 10
SELECT ENAME FROM EMP WHERE HIREDATE > ALL
(SELECT HIREDATE FROM EMP WHERE DEPTNO = 10);
ENAME
----------
SCOTT
ADAMS
